ref,value,footprint,Field1,Field2,Field3,Field4,Field5,Field6,Field7,Field8
C401,100nf,SM0805-C1,avx,08051C104KAT2A,newark,96M1354,,,100V,10%,ceramic,other,more,stuff
C402,100nf,SM0805-C1,avx,08051C104KAT2A,newark,96M1354,,,100V,10%,ceramic,other,more,stuff
C403,100nf,SM0805-C1,avx,08051C104KAT2A,newark,96M1354,,,100V,10%,ceramic,other,more,stuff
C404,100nf,SM0805-C1,avx,08051C104KAT2A,newark,96M1354,,,100V,10%,ceramic,other,more,stuff
C405,100nf,SM0805-C1,avx,08051C104KAT2A,newark,96M1354,,,100V,10%,ceramic,other,more,stuff
C406,100nf,SM0805-C1,avx,08051C104KAT2A,newark,96M1354,,,100V,10%,ceramic,other,more,stuff
C407,100nf,SM0805-C1,avx,08051C104KAT2A,newark,96M1354,,,100V,10%,ceramic,other,more,stuff
C408,100nf,SM0805-C1,avx,08051C104KAT2A,newark,96M1354,,,100V,10%,ceramic,other,more,stuff
C409,100nf,SM0805-C1,avx,08051C104KAT2A,newark,96M1354,,,100V,10%,ceramic,other,more,stuff
C410,100nf,SM0805-C1,avx,08051C104KAT2A,newark,96M1354,,,100V,10%,ceramic,other,more,stuff
C411,100nf,SM0805-C1,avx,08051C104KAT2A,newark,96M1354,,,100V,10%,ceramic,other,more,stuff
C412,100nf,SM0805-C1,avx,08051C104KAT2A,newark,96M1354,,,100V,10%,ceramic,other,more,stuff
C413,100nf,SM0805-C1,avx,08051C104KAT2A,newark,96M1354,,,100V,10%,ceramic,other,more,stuff
C414,100nf,SM0805-C1,avx,08051C104KAT2A,newark,96M1354,,,100V,10%,ceramic,other,more,stuff
C415,100nf,SM0805-C1,avx,08051C104KAT2A,newark,96M1354,,,100V,10%,ceramic,other,more,stuff
C416,100nf,SM0805-C1,avx,08051C104KAT2A,newark,96M1354,,,100V,10%,ceramic,other,more,stuff
C417,100nf,SM0805-C1,avx,08051C104KAT2A,newark,96M1354,,,100V,10%,ceramic,other,more,stuff
C418,100nf,SM0805-C1,avx,08051C104KAT2A,newark,96M1354,,,100V,10%,ceramic,other,more,stuff
C419,100nf,SM0805-C1,avx,08051C104KAT2A,newark,96M1354,,,100V,10%,ceramic,other,more,stuff
C420,100nf,SM0805-C1,avx,08051C104KAT2A,newark,96M1354,,,100V,10%,ceramic,other,more,stuff
C421,100nf,SM0805-C1,avx,08051C104KAT2A,newark,96M1354,,,100V,10%,ceramic,other,more,stuff
C422,100nf,SM0805-C1,avx,08051C104KAT2A,newark,96M1354,,,100V,10%,ceramic,other,more,stuff
C423,100nf,SM0805-C1,avx,08051C104KAT2A,newark,96M1354,,,100V,10%,ceramic,other,more,stuff
C424,100nf,SM0805-C1,avx,08051C104KAT2A,newark,96M1354,,,100V,10%,ceramic,other,more,stuff
C425,100nf,SM0805-C1,avx,08051C104KAT2A,newark,96M1354,,,100V,10%,ceramic,other,more,stuff
C426,100nf,SM0805-C1,avx,08051C104KAT2A,newark,96M1354,,,100V,10%,ceramic,other,more,stuff
C427,100nf,SM0805-C1,avx,08051C104KAT2A,newark,96M1354,,,100V,10%,ceramic,other,more,stuff
C428,100nf,SM0805-C1,avx,08051C104KAT2A,newark,96M1354,,,100V,10%,ceramic,other,more,stuff
C501,1uF,SM0805,avx,08051C103JAT2A,newark,96M1352
C502,1uF,SM0805,avx,08051C103JAT2A,newark,96M1352
C503,1uF,SM0805,avx,08051C103JAT2A,newark,96M1352
C504,1uF,SM0805,avx,08051C103JAT2A,newark,96M1352
C505,1uF,SM0805,avx,08051C103JAT2A,newark,96M1352
C506,1uF,SM0805,avx,08051C103JAT2A,newark,96M1352
C507,1uF,SM0805,avx,08051C103JAT2A,newark,96M1352
C508,1uF,SM0805,avx,08051C103JAT2A,newark,96M1352
C509,1uF,SM0805,avx,08051C103JAT2A,newark,96M1352
C510,1uF,SM0805,avx,08051C103JAT2A,newark,96M1352
C511,1uF,SM0805,avx,08051C103JAT2A,newark,96M1352
C512,1uF,SM0805,avx,08051C103JAT2A,newark,96M1352
C513,1uF,SM0805,avx,08051C103JAT2A,newark,96M1352
C514,1uF,SM0805,avx,08051C103JAT2A,newark,96M1352
C515,1uF,SM0805,avx,08051C103JAT2A,newark,96M1352
C516,1uF,SM0805,avx,08051C103JAT2A,newark,96M1352
C517,1uF,SM0805,avx,08051C103JAT2A,newark,96M1352
C518,1uF,SM0805,avx,08051C103JAT2A,newark,96M1352
C601,0.1uF,SM0805-C1,avx,08051C104KAT2A,newark,96M1354,,,100V,10%,ceramic,other,more,stuff
C602,0.1uF,SM0805-C1,avx,08051C104KAT2A,newark,96M1354,,,100V,10%,ceramic,other,more,stuff
C603,10uF,SM0805-C1,ill cap,106CKE200M,newark,69K7896,-,-,-,-,200,V,20,%,alum electro,other,more,stuff
C604,10uF,SM0805-C1,ill cap,106CKE200M,newark,69K7896,-,-,-,-,200,V,20,%,alum electro,other,more,stuff
C605,1nF,SM0805-C1,avx,08055F102K4Z2A,newark,26M5154,-,-,-,-,10,V,10,%,multilayer ceramic,other,more,stuff
C606,1nF,SM0805-C1,avx,08055F102K4Z2A,newark,26M5154,-,-,-,-,50,V,10,%,ceramic,other,more,stuff
C607,1nF,SM0805-C1,avx,08055F102K4Z2A,newark,26M5154,-,-,-,-,10,V,10,%,multilayer ceramic,other,more,stuff
C608,1nF,SM0805-C1,avx,08055F102K4Z2A,newark,26M5154,-,-,-,-,50,V,10,%,ceramic,other,more,stuff
C609,0.1uF,SM0805-C1,avx,08051C104KAT2A,newark,96M1354,,,100V,10%,ceramic,other,more,stuff
C610,0.1uF,SM0805-C1,avx,08051C104KAT2A,newark,96M1354,,,100V,10%,ceramic,other,more,stuff
C611,10uF,SM0805-C1,ill cap,106CKE200M,newark,69K7896,-,-,-,-,200,V,20,%,alum electro,other,more,stuff
C612,10uF,SM0805-C1,ill cap,106CKE200M,newark,69K7896,-,-,-,-,200,V,20,%,alum electro,other,more,stuff
C613,1nF,SM0805-C1,avx,08055F102K4Z2A,newark,26M5154,-,-,-,-,10,V,10,%,multilayer ceramic,other,more,stuff
C614,1nF,SM0805-C1,avx,08055F102K4Z2A,newark,26M5154,-,-,-,-,50,V,10,%,ceramic,other,more,stuff
C615,1nF,SM0805-C1,avx,08055F102K4Z2A,newark,26M5154,-,-,-,-,10,V,10,%,multilayer ceramic,other,more,stuff
C616,1nF,SM0805-C1,avx,08055F102K4Z2A,newark,26M5154,-,-,-,-,50,V,10,%,ceramic,other,more,stuff
C701,10uF,SM1210,Nichicon,UVZ1C100MDD,digikey,493-1279-ND,16v,20%,aluminum,other,more,stuff
C702,10uF,SM1210,Nichicon,UVZ1C100MDD,digikey,493-1279-ND,16v,20%,aluminum,other,more,stuff
C703,0.1uF,SM0805-C1,avx,08051C104KAT2A,newark,96M1354,,,100V,10%,ceramic,other,more,stuff
C704,0.1uF,SM0805-C1,avx,08051C104KAT2A,newark,96M1354,,,100V,10%,ceramic,other,more,stuff
C705,100nF,SM0805-C1,avx,08051C104KAT2A,newark,96M1354,,,100V,10%,ceramic,other,more,stuff
C706,10uF,SM1210,Nichicon,UVZ1C100MDD,digikey,493-1279-ND,16v,20%,aluminum,other,more,stuff
C707,0.1uF,SM0805-C1,avx,08051C104KAT2A,newark,96M1354,,,100V,10%,ceramic,other,more,stuff
C708,100uF,SM0805-C1,ill cap,107CKE035M,newark,69K7903,-,-,-,-,35,V,20,%,alum electro,other,more,stuff
C709,100nF,SM0805-C1,avx,08051C104KAT2A,newark,96M1354,,,100V,10%,ceramic,other,more,stuff
C710,22uF,SM2512,AVX,TAJC226M016RNJ,digikey,478-3901-1-ND,16v,20%,tantalum,other,more,stuff
C711,22uF,SM2512,AVX,TAJC226M016RNJ,digikey,478-3901-1-ND,16v,20%,tantalum,other,more,stuff
C712,0.1uF,SM0805-C1,avx,08051C104KAT2A,newark,96M1354,,,100V,10%,ceramic,other,more,stuff
C713,0.1uF,SM0805-C1,avx,08051C104KAT2A,newark,96M1354,,,100V,10%,ceramic,other,more,stuff
C714,100uF,SM0805-C1,ill cap,107CKE035M,newark,69K7903,-,-,-,-,35,V,20,%,alum electro,other,more,stuff
C715,100nF,SM0805-C1,avx,08051C104KAT2A,newark,96M1354,,,100V,10%,ceramic,other,more,stuff
C716,22uF,SM2512,AVX,TAJC226M016RNJ,digikey,478-3901-1-ND,16v,20%,tantalum,other,more,stuff
C717,0.1uF,SM0805-C1,avx,08051C104KAT2A,newark,96M1354,,,100V,10%,ceramic,other,more,stuff
C718,2200uF,C1V8,United Chemi-Con,EKZE6R3ELL222MJ25S,digikey,565-1634-ND,6.3v,20%,aluminum,other,more,stuff
C719,5.6nF,SM0805-C1,ill cap,226CKH050M,newark,69K7919,-,-,-,-,50,V,20,%,alum electro,other,more,stuff
C720,27pF,SM0805-C1,avx,08051A221JAT2A,newark,96K4770,-,-,-,-,100,V,5,%,ceramic,other,more,stuff
C721,330uF,SM0805-C1,kemet,T495X337K010ATE035,newark,69K7939,-,-,-,-,25,V,20,%,alum electro,other,more,stuff
C722,10uF,SM0805-C1,ill cap,106CKE200M,newark,69K7896,-,-,-,-,200,V,20,%,alum electro,other,more,stuff
C723,10nF,SM0805-C1,ill cap,106CKE200M,newark,69K7896,,,200V,10%,alum elec,other,more,stuff
C801,100nF,SM0805-C1,avx,08051C104KAT2A,newark,96M1354,,,100V,10%,ceramic,other,more,stuff
C802,10uF,SM0805-C1,ill cap,106CKE200M,newark,69K7896,-,-,-,-,200,V,20,%,alum electro,other,more,stuff
C803,10uF,SM0805-C1,ill cap,106CKE200M,newark,69K7896,-,-,-,-,200,V,20,%,alum electro,other,more,stuff
C804,10uF,SM0805-C1,ill cap,106CKE200M,newark,69K7896,-,-,-,-,200,V,20,%,alum electro,other,more,stuff
C901,22nF,SM0805-C1,murata,GRM216R71H223KA01D,newark,38K1698,-,-,50,V,10,%,Ceramic,other,more,stuff
C902,10uF,SM0805-C1,ill cap,106CKE200M,newark,69K7896,-,-,200,V,20,%,alum electro,other,more,stuff
C903,100nF,SM0805-C1,avx,08051C104KAT2A,newark,96M1354,,,100V,10%,ceramic,other,more,stuff
C904,22nF,SM0805-C1,murata,GRM216R71H223KA01D,newark,38K1698,-,-,50,V,10,%,Ceramic,other,more,stuff
C905,22nF,SM0805-C1,murata,GRM216R71H223KA01D,newark,38K1698,-,-,50,V,10,%,Ceramic,other,more,stuff
C906,100nF,SM0805-C1,avx,08051C104KAT2A,newark,96M1354,,,100V,10%,ceramic,other,more,stuff
C907,100uF,SM0805-C1,ill cap,107CKE035M,newark,69K7903,-,-,35,V,20,%,alum electro,other,more,stuff
C908,22nF,SM0805-C1,murata,GRM216R71H223KA01D,newark,38K1698,-,-,50,V,10,%,Ceramic,other,more,stuff
C909,22nF,SM0805-C1,murata,GRM216R71H223KA01D,newark,38K1698,-,-,50,V,10,%,Ceramic,other,more,stuff
C1001,10nF,SM0805-C1,ill cap,106CKE200M,newark,69K7896,,,200V,10%,alum elec,other,more,stuff
C1002,10nF,SM0805-C1,ill cap,106CKE200M,newark,69K7896,,,200V,10%,alum elec,other,more,stuff
C1003,10nF,SM0805-C1,ill cap,106CKE200M,newark,69K7896,,,200V,10%,alum elec,other,more,stuff
C1004,10nF,SM0805-C1,ill cap,106CKE200M,newark,69K7896,,,200V,10%,alum elec,other,more,stuff
C1005,10nF,SM0805-C1,ill cap,106CKE200M,newark,69K7896,,,200V,10%,alum elec,other,more,stuff
C1006,10nF,SM0805-C1,ill cap,106CKE200M,newark,69K7896,,,200V,10%,alum elec,other,more,stuff
C1007,10nF,SM0805-C1,ill cap,106CKE200M,newark,69K7896,,,200V,10%,alum elec,other,more,stuff
C1008,10nF,SM0805-C1,ill cap,106CKE200M,newark,69K7896,,,200V,10%,alum elec,other,more,stuff
C1009,10nF,SM0805-C1,ill cap,106CKE200M,newark,69K7896,,,200V,10%,alum elec,other,more,stuff
C1010,10nF,SM0805-C1,ill cap,106CKE200M,newark,69K7896,,,200V,10%,alum elec,other,more,stuff
C1011,10nF,SM0805-C1,ill cap,106CKE200M,newark,69K7896,,,200V,10%,alum elec,other,more,stuff
C1012,10nF,SM0805-C1,ill cap,106CKE200M,newark,69K7896,,,200V,10%,alum elec,other,more,stuff
C1013,10nF,SM0805-C1,ill cap,106CKE200M,newark,69K7896,,,200V,10%,alum elec,other,more,stuff
C1014,100nF,SM0805-C1,avx,08051C104KAT2A,newark,96M1354,,,100V,10%,ceramic,other,more,stuff
C1015,100nF,SM0805-C1,avx,08051C104KAT2A,newark,96M1354,,,100V,10%,ceramic,other,more,stuff
C1016,10nF,SM0805-C1,ill cap,106CKE200M,newark,69K7896,,,200V,10%,alum elec,other,more,stuff
C1017,10nF,SM0805-C1,ill cap,106CKE200M,newark,69K7896,,,200V,10%,alum elec,other,more,stuff
C1018,10nF,SM0805-C1,ill cap,106CKE200M,newark,69K7896,,,200V,10%,alum elec,other,more,stuff
C1019,10nF,SM0805-C1,ill cap,106CKE200M,newark,69K7896,,,200V,10%,alum elec,other,more,stuff
C1020,10nF,SM0805-C1,ill cap,106CKE200M,newark,69K7896,,,200V,10%,alum elec,other,more,stuff
C1021,10nF,SM0805-C1,ill cap,106CKE200M,newark,69K7896,,,200V,10%,alum elec,other,more,stuff
C1022,10nF,SM0805-C1,ill cap,106CKE200M,newark,69K7896,,,200V,10%,alum elec,other,more,stuff
C1023,10nF,SM0805-C1,ill cap,106CKE200M,newark,69K7896,,,200V,10%,alum elec,other,more,stuff
C1024,10nF,SM0805-C1,ill cap,106CKE200M,newark,69K7896,,,200V,10%,alum elec,other,more,stuff
C1101,100nF,SM0805-C1,avx,08051C104KAT2A,newark,96M1354,,,100V,10%,ceramic,other,more,stuff
C1102,10uF,SM0805-C1,ill cap,106CKE200M,newark,69K7896,-,-,200,V,20,%,alum electro,other,more,stuff
C1201,1nF,SM0805-C1,avx,08055F102K4Z2A,newark,26M5154,-,-,-,-,50,V,10,%,Ceramic,other,more,stuff
C1202,1nF,SM0805-C1,avx,08055F102K4Z2A,newark,26M5154,-,-,-,-,50,V,10,%,Ceramic,other,more,stuff
C1203,33nF,SM0805-C1,yageo,CC0805KRX7R8BB333,newark,69C9599,,,25V,10%,ceramic,other,more,stuff
C1204,33nF,SM0805-C1,yageo,CC0805KRX7R8BB333,newark,69C9599,,,25V,10%,ceramic,other,more,stuff
C1205,100nF,SM0805-C1,avx,08051C104KAT2A,newark,96M1354,,,100V,10%,ceramic,other,more,stuff
C1206,100nF,SM0805-C1,avx,08051C104KAT2A,newark,96M1354,,,100V,10%,ceramic,other,more,stuff
C1207,2.2nF,SM0805-C1,avx,08051A221JAT2A,newark,96K4770,-,-,-,-,100,V,5,%,Ceramic,other,more,stuff
C1208,2.2nF,SM0805-C1,avx,08051A221JAT2A,newark,96K4770,-,-,-,-,100,V,5,%,Ceramic,other,more,stuff
C1209,33nF,SM0805-C1,yageo,CC0805KRX7R8BB333,newark,69C9599,,,25V,10%,ceramic,other,more,stuff
C1210,33nF,SM0805-C1,yageo,CC0805KRX7R8BB333,newark,69C9599,,,25V,10%,ceramic,other,more,stuff
C1211,100nF,SM0805-C1,avx,08051C104KAT2A,newark,96M1354,,,100V,10%,ceramic,other,more,stuff
C1212,100nF,SM0805-C1,avx,08051C104KAT2A,newark,96M1354,,,100V,10%,ceramic,other,more,stuff
C1213,33nF,SM0805-C1,yageo,CC0805KRX7R8BB333,newark,69C9599,,,25V,10%,ceramic,other,more,stuff
C1214,33nF,SM0805-C1,yageo,CC0805KRX7R8BB333,newark,69C9599,,,25V,10%,ceramic,other,more,stuff
C1215,10nF,SM0805-C1,ill cap,106CKE200M,newark,69K7896,,,200V,10%,alum elec,other,more,stuff
C1216,10nF,SM0805-C1,ill cap,106CKE200M,newark,69K7896,,,200V,10%,alum elec,other,more,stuff
C1301,0.1uF,SM0805-C1,avx,08051C104KAT2A,newark,96M1354,,,100V,10%,ceramic,other,more,stuff
C1302,0.1uF,SM0805-C1,avx,08051C104KAT2A,newark,96M1354,,,100V,10%,ceramic,other,more,stuff
C1303,15nf,SM0805-C1,avx,08055C102KAT2A,digi,478-1371-6-ND,50,V,10,%,Ceramic,other,more,stuff
C1304,15nf,SM0805-C1,avx,08055C102KAT2A,digi,478-1371-6-ND,50,V,10,%,Ceramic,other,more,stuff
C1305,15nf,SM0805-C1,avx,08055C102KAT2A,digi,478-1371-6-ND,50,V,10,%,Ceramic,other,more,stuff
C1306,0.1uF,SM0805-C1,avx,08051C104KAT2A,newark,96M1354,,,100V,10%,ceramic,other,more,stuff
C1307,0.1uF,SM0805-C1,avx,08051C104KAT2A,newark,96M1354,,,100V,10%,ceramic,other,more,stuff
C1308,0.1uF,SM0805-C1,avx,08051C104KAT2A,newark,96M1354,,,100V,10%,ceramic,other,more,stuff
C1309,1nF,SM0805-C1,avx,08055F102K4Z2A,newark,26M5154,-,-,50,v,10,%,ceramic,-
C1310,1nF,SM0805-C1,avx,08055F102K4Z2A,newark,26M5154,-,-,50,v,10,%,ceramic,-
C1311,1nF,SM0805-C1,avx,08055F102K4Z2A,newark,26M5154,-,-,50,v,10,%,ceramic,-
C1312,1nF,SM0805-C1,avx,08055F102K4Z2A,newark,26M5154,-,-,50,v,10,%,ceramic,-
C1313,100pF,SM0805-C1,avx,08051A101FAT2A,newark,96M1317,-,-,100,v,1,%,ceramic,-
C1314,100pF,SM0805-C1,avx,08051A101FAT2A,newark,96M1317,-,-,100,v,1,%,ceramic,-
C1315,33nF,SM0805-C1,yageo,CC0805KRX7R8BB333,newark,69C9599,,,25V,10%,ceramic,other,more,stuff
C1316,33nF,SM0805-C1,yageo,CC0805KRX7R8BB333,newark,69C9599,,,25V,10%,ceramic,other,more,stuff
C1317,0.1uF,SM0805-C1,avx,08051C104KAT2A,newark,96M1354,,,100V,10%,ceramic,other,more,stuff
C1318,1.5nF,SM0805,Yageo,CC0805KRX7R9BB152,digikey,311-1128-1-ND,50v,10%,ceramic,other,more,stuff
C1319,0.1uF,SM0805-C1,avx,08051C104KAT2A,newark,96M1354,,,100V,10%,ceramic,other,more,stuff
C1320,1.5nF,SM0805,Yageo,CC0805KRX7R9BB152,digikey,311-1128-1-ND,50v,10%,ceramic,other,more,stuff
C1321,0.1uF,SM0805-C1,avx,08051C104KAT2A,newark,96M1354,,,100V,10%,ceramic,other,more,stuff
C1322,10nF,SM0805-C1,ill cap,106CKE200M,newark,69K7896,,,200V,10%,alum elec,other,more,stuff
C1323,330pF,SM0805,AVX,08055C333KAZ2A,digikey,478-3550-1-ND,50,10%,ceramic,other,more,stuff
C1324,1uF,SM0805-C1,avx,08051C103JAT2A,newark,96M1352,-,-,100,v,5,%,ceramic,-
C1325,0.1uF,SM0805-C1,avx,08051C104KAT2A,newark,96M1354,,,100V,10%,ceramic,other,more,stuff
C1326,1uF,SM0805-C1,avx,08051C103JAT2A,newark,96M1352,-,-,100,v,5,%,ceramic,-
C1327,0.1uF,SM0805-C1,avx,08051C104KAT2A,newark,96M1354,,,100V,10%,ceramic,other,more,stuff
C1328,100nF,SM0805-C1,avx,08051C104KAT2A,newark,96M1354,,,100V,10%,ceramic,other,more,stuff
C1329,1nF,SM0805-C1,avx,08055F102K4Z2A,newark,26M5154,-,-,50,v,10,%,ceramic,-
C1330,100nF,SM0805-C1,avx,08051C104KAT2A,newark,96M1354,,,100V,10%,ceramic,other,more,stuff
C1331,1nF,SM0805-C1,avx,08055F102K4Z2A,newark,26M5154,-,-,50,v,10,%,ceramic,-
D101,PESD1CAN,SOT23-3,nxp,PESD1CAN,newark,74M3585
D401,MBR0520L,SOD-123,fairchild,MBR0520L,mouser,512-MBR0520L,-,-,-,-,20,V-reverse,.5,A-forward,SMT,other,more,stuff
D402,MBR0520L,SOD-123,fairchild,MBR0520L,mouser,512-MBR0520L,-,-,-,-,20,V-reverse,.5,A-forward,SMT,other,more,stuff
D403,MBR0520L,SOD-123,fairchild,MBR0520L,mouser,512-MBR0520L,-,-,-,-,20,V-reverse,.5,A-forward,SMT,other,more,stuff
D404,MBR0520L,SOD-123,fairchild,MBR0520L,mouser,512-MBR0520L,-,-,-,-,20,V-reverse,.5,A-forward,SMT,other,more,stuff
D405,MBR0520L,SOD-123,fairchild,MBR0520L,mouser,512-MBR0520L,-,-,-,-,20,V-reverse,.5,A-forward,SMT,other,more,stuff
D406,MBR0520L,SOD-123,fairchild,MBR0520L,mouser,512-MBR0520L,-,-,-,-,20,V-reverse,.5,A-forward,SMT,other,more,stuff
D407,MBR0520L,SOD-123,fairchild,MBR0520L,mouser,512-MBR0520L,-,-,-,-,20,V-reverse,.5,A-forward,SMT,other,more,stuff
D408,MBR0520L,SOD-123,fairchild,MBR0520L,mouser,512-MBR0520L,-,-,-,-,20,V-reverse,.5,A-forward,SMT,other,more,stuff
D409,MBR0520L,SOD-123,fairchild,MBR0520L,mouser,512-MBR0520L,-,-,-,-,20,V-reverse,.5,A-forward,SMT,other,more,stuff
D410,MBR0520L,SOD-123,fairchild,MBR0520L,mouser,512-MBR0520L,-,-,-,-,20,V-reverse,.5,A-forward,SMT,other,more,stuff
D411,MBR0520L,SOD-123,fairchild,MBR0520L,mouser,512-MBR0520L,-,-,-,-,20,V-reverse,.5,A-forward,SMT,other,more,stuff
D412,MBR0520L,SOD-123,fairchild,MBR0520L,mouser,512-MBR0520L,-,-,-,-,20,V-reverse,.5,A-forward,SMT,other,more,stuff
D413,MBR0520L,SOD-123,fairchild,MBR0520L,mouser,512-MBR0520L,-,-,-,-,20,V-reverse,.5,A-forward,SMT,other,more,stuff
D414,MBR0520L,SOD-123,fairchild,MBR0520L,mouser,512-MBR0520L,-,-,-,-,20,V-reverse,.5,A-forward,SMT,other,more,stuff
D415,MBR0520L,SOD-123,fairchild,MBR0520L,mouser,512-MBR0520L,-,-,-,-,20,V-reverse,.5,A-forward,SMT,other,more,stuff
D416,MBR0520L,SOD-123,fairchild,MBR0520L,mouser,512-MBR0520L,-,-,-,-,20,V-reverse,.5,A-forward,SMT,other,more,stuff
D417,MBR0520L,SOD-123,fairchild,MBR0520L,mouser,512-MBR0520L,-,-,-,-,20,V-reverse,.5,A-forward,SMT,other,more,stuff
D418,MBR0520L,SOD-123,fairchild,MBR0520L,mouser,512-MBR0520L,-,-,-,-,20,V-reverse,.5,A-forward,SMT,other,more,stuff
D419,MBR0520L,SOD-123,fairchild,MBR0520L,mouser,512-MBR0520L,-,-,-,-,20,V-reverse,.5,A-forward,SMT,other,more,stuff
D420,MBR0520L,SOD-123,fairchild,MBR0520L,mouser,512-MBR0520L,-,-,-,-,20,V-reverse,.5,A-forward,SMT,other,more,stuff
D421,MBR0520L,SOD-123,fairchild,MBR0520L,mouser,512-MBR0520L,-,-,-,-,20,V-reverse,.5,A-forward,SMT,other,more,stuff
D422,MBR0520L,SOD-123,fairchild,MBR0520L,mouser,512-MBR0520L,-,-,-,-,20,V-reverse,.5,A-forward,SMT,other,more,stuff
D423,MBR0520L,SOD-123,fairchild,MBR0520L,mouser,512-MBR0520L,-,-,-,-,20,V-reverse,.5,A-forward,SMT,other,more,stuff
D424,MBR0520L,SOD-123,fairchild,MBR0520L,mouser,512-MBR0520L,-,-,-,-,20,V-reverse,.5,A-forward,SMT,other,more,stuff
D425,MBR0520L,SOD-123,fairchild,MBR0520L,mouser,512-MBR0520L,-,-,-,-,20,V-reverse,.5,A-forward,SMT,other,more,stuff
D426,MBR0520L,SOD-123,fairchild,MBR0520L,mouser,512-MBR0520L,-,-,-,-,20,V-reverse,.5,A-forward,SMT,other,more,stuff
D427,MBR0520L,SOD-123,fairchild,MBR0520L,mouser,512-MBR0520L,-,-,-,-,20,V-reverse,.5,A-forward,SMT,other,more,stuff
D428,MBR0520L,SOD-123,fairchild,MBR0520L,mouser,512-MBR0520L,-,-,-,-,20,V-reverse,.5,A-forward,SMT,other,more,stuff
D701,LED,LED-0805,OSRAM,LH R974-LP-1-0-20-R18,digikey,475-1415-1-ND,.02a,-%,RED,other,more,stuff
D702,STTH4R02S,D4-SMB,st,STTH4R02U,newark,26M3786,-,-,-,-
D703,TPSMA27A,DO214,vishay,TPSMA27A-E3/61T,mouser,625-TPSMA27A-E3,37.5,10.7,-,-
D704,Schottky,SOD-123,Micro Commercial Co,1N4148W-TP,digikey,1N4148WTPMSCT-ND,.15a,-%,standard,other,more,stuff
D705,Schottky,SOD-123,Micro Commercial Co,1N4148W-TP,digikey,1N4148WTPMSCT-ND,.15a,-%,standard,other,more,stuff
D706,5v1,SOD-123
D707,1N4148,SOD-123,Micro Commercial Co,1N4148W-TP,digikey,1N4148WTPMSCT-ND,.15a,-%,standard,other,more,stuff
D708,STPS5L25,D4-SMB,STPS5L25B-TR,st,511-STPS2L25U,mouser,511-STPS2L25U,-,-,-,-,25,V,2,a,construct,other,more,stuff
D1001,MBRA340T3,D4-SMA,onsemi,MBRA340T3G,mouser,863-MBRA340T3G,-,-,-,-,.45,V,3,a,-,other,more,stuff
D1002,MBRA340T3,D4-SMA,onsemi,MBRA340T3G,mouser,863-MBRA340T3G,-,-,-,-,.45,V,3,a,-,other,more,stuff
D1301,MBR0520L,SOD-123,fairchild,MBR0520L,mouser,512-MBR0520L,-,-,-,-,20,V-reverse,.5,A-forward,SMT,other,more,stuff
D1302,MBR0520L,SOD-123,fairchild,MBR0520L,mouser,512-MBR0520L,-,-,-,-,20,V-reverse,.5,A-forward,SMT,other,more,stuff
D1303,MBR0520L,SOD-123,fairchild,MBR0520L,mouser,512-MBR0520L,-,-,-,-,20,V-reverse,.5,A-forward,SMT,other,more,stuff
D1304,MBR0520L,SOD-123,fairchild,MBR0520L,mouser,512-MBR0520L,-,-,-,-,20,V-reverse,.5,A-forward,SMT,other,more,stuff
D1305,MBR0520L,SOD-123,fairchild,MBR0520L,mouser,512-MBR0520L,-,-,-,-,20,V-reverse,.5,A-forward,SMT,other,more,stuff
D1306,MBR0520L,SOD-123,fairchild,MBR0520L,mouser,512-MBR0520L,-,-,-,-,20,V-reverse,.5,A-forward,SMT,other,more,stuff
J301,MOLEX_HARNESS_SD-64333-100,Molex_SD-64333-100_on_Cinch_ModICE_w_5554_SOM
L701,4.7uH,SM4.7uH,coiltronics,UP0.4C-4R7-R,newark,52K7863,-,-,-,-,1.5,a,20,%,construct,other,more,stuff
L702,DR125-330-R,SM100uH,coiltronics,DR125-330-R,digi,513-1528-6-ND,,,33uH,20%,ferrite,other,more,stuff
P101,CONN_1,PINTST
P102,CONN_1,PINTST
P103,CONN_1,PINTST
P104,CONN_1,PINTST
P105,CONN_1,PINTST
P106,CONN_1,PINTST
P107,CONN_1,PINTST
P108,CONN_1,PINTST
P109,CONN_1,PINTST
P110,CONN_1,PINTST
P111,CONN_1,PINTST
P112,CONN_1,PINTST
P113,CONN_1,PINTST
P114,CONN_1,PINTST
P115,CONN_1,PINTST
P116,CONN_1,PINTST
P117,CONN_1,PINTST
P118,CONN_1,PINTST
P119,CONN_1,PINTST
P120,CONN_1,PINTST
P121,CONN_1,PINTST
P122,CONN_1,PINTST
P123,CONN_1,PINTST
P124,CONN_1,PINTST
P125,CONN_1,PINTST
P201,MPC5554,phyCORE-MPC5554
P601,CONN_1,PINTST
P602,CONN_1,PINTST
P603,CONN_1,PINTST
P604,CONN_1,PINTST
P605,CONN_1,PINTST
P606,CONN_1,PINTST
P607,CONN_1,PINTST
P608,CONN_1,PINTST
P609,CONN_1,PINTST
P610,CONN_1,PINTST
P611,CONN_1,PINTST
P612,CONN_1,PINTST
P613,CONN_1,PINTST
P614,CONN_1,PINTST
P615,CONN_1,PINTST
P616,CONN_1,PINTST
P801,CONN_1,PINTST
P802,CONN_1,PINTST
P803,CONN_1,PINTST
P804,CONN_1,PINTST
P901,CONN_1,PINTST
P902,CONN_1,PINTST
P903,CONN_1,PINTST
P904,CONN_1,PINTST
P1001,CONN_1,PINTST
P1002,CONN_1,PINTST
P1003,CONN_1,PINTST
P1004,CONN_1,PINTST
P1005,CONN_1,PINTST
P1006,CONN_1,PINTST
P1007,CONN_1,PINTST
P1008,CONN_1,PINTST
P1009,CONN_1,PINTST
P1010,CONN_1,PINTST
P1011,CONN_1,PINTST
P1012,CONN_1,PINTST
P1013,CONN_1,PINTST
P1014,CONN_1,PINTST
P1015,CONN_1,PINTST
P1016,CONN_1,PINTST
P1017,CONN_1,PINTST
P1018,CONN_1,PINTST
P1019,CONN_1,PINTST
P1020,CONN_1,PINTST
P1021,CONN_1,PINTST
P1022,CONN_1,PINTST
P1023,CONN_1,PINTST
P1024,CONN_1,PINTST
P1025,CONN_1,PINTST
P1026,CONN_1,PINTST
P1027,CONN_1,PINTST
P1028,CONN_1,PINTST
P1029,CONN_1,PINTST
P1030,CONN_1,PINTST
P1031,CONN_1,PINTST
P1101,CONN_1,PINTST
P1102,CONN_1,PINTST
P1201,CONN_1,PINTST
P1202,CONN_1,PINTST
P1203,CONN_1,PINTST
P1204,CONN_1,PINTST
P1205,CONN_1,PINTST
P1206,CONN_1,PINTST
P1207,CONN_1,PINTST
P1208,CONN_1,PINTST
P1209,CONN_1,PINTST
P1210,CONN_1,PINTST
P1211,CONN_1,PINTST
P1212,CONN_1,PINTST
P1301,CONN_1,PINTST
P1302,CONN_1,PINTST
P1303,CONN_1,PINTST
P1304,CONN_1,PINTST
Q501,IRGS14C40L,DPAK2,irf,IRGS14C40L,digi,IRGS14C40LPBF-ND
Q502,IRGS14C40L,DPAK2,irf,IRGS14C40L,digi,IRGS14C40LPBF-ND
Q503,IRGS14C40L,DPAK2,irf,IRGS14C40L,digi,IRGS14C40LPBF-ND
Q504,IRGS14C40L,DPAK2,irf,IRGS14C40L,digi,IRGS14C40LPBF-ND
Q505,IRGS14C40L,DPAK2,irf,IRGS14C40L,digi,IRGS14C40LPBF-ND
Q506,IRGS14C40L,DPAK2,irf,IRGS14C40L,digi,IRGS14C40LPBF-ND
Q507,IRGS14C40L,DPAK2,irf,IRGS14C40L,digi,IRGS14C40LPBF-ND
Q508,IRGS14C40L,DPAK2,irf,IRGS14C40L,digi,IRGS14C40LPBF-ND
Q509,IRGS14C40L,DPAK2,irf,IRGS14C40L,digi,IRGS14C40LPBF-ND
Q510,IRGS14C40L,DPAK2,irf,IRGS14C40L,digi,IRGS14C40LPBF-ND
Q511,IRGS14C40L,DPAK2,irf,IRGS14C40L,digi,IRGS14C40LPBF-ND
Q512,IRGS14C40L,DPAK2,irf,IRGS14C40L,digi,IRGS14C40LPBF-ND
Q513,IRGS14C40L,DPAK2,irf,IRGS14C40L,digi,IRGS14C40LPBF-ND
Q514,IRGS14C40L,DPAK2,irf,IRGS14C40L,digi,IRGS14C40LPBF-ND
Q515,IRGS14C40L,DPAK2,irf,IRGS14C40L,digi,IRGS14C40LPBF-ND
Q516,IRGS14C40L,DPAK2,irf,IRGS14C40L,digi,IRGS14C40LPBF-ND
Q517,IRGS14C40L,DPAK2,irf,IRGS14C40L,digi,IRGS14C40LPBF-ND
Q518,IRGS14C40L,DPAK2,irf,IRGS14C40L,digi,IRGS14C40LPBF-ND
Q519,IRGS14C40L,DPAK2,irf,IRGS14C40L,digi,IRGS14C40LPBF-ND
Q520,IRGS14C40L,DPAK2,irf,IRGS14C40L,digi,IRGS14C40LPBF-ND
Q521,IRGS14C40L,DPAK2,irf,IRGS14C40L,digi,IRGS14C40LPBF-ND
Q522,IRGS14C40L,DPAK2,irf,IRGS14C40L,digi,IRGS14C40LPBF-ND
Q523,IRGS14C40L,DPAK2,irf,IRGS14C40L,digi,IRGS14C40LPBF-ND
Q524,IRGS14C40L,DPAK2,irf,IRGS14C40L,digi,IRGS14C40LPBF-ND
Q525,IRGS14C40L,DPAK2,irf,IRGS14C40L,digi,IRGS14C40LPBF-ND
Q526,IRGS14C40L,DPAK2,irf,IRGS14C40L,digi,IRGS14C40LPBF-ND
Q527,IRGS14C40L,DPAK2,irf,IRGS14C40L,digi,IRGS14C40LPBF-ND
Q528,IRGS14C40L,DPAK2,irf,IRGS14C40L,digi,IRGS14C40LPBF-ND
Q529,IRGS14C40L,DPAK2,irf,IRGS14C40L,digi,IRGS14C40LPBF-ND
Q530,IRGS14C40L,DPAK2,irf,IRGS14C40L,digi,IRGS14C40LPBF-ND
Q531,IRGS14C40L,DPAK2,irf,IRGS14C40L,digi,IRGS14C40LPBF-ND
Q532,IRGS14C40L,DPAK2,irf,IRGS14C40L,digi,IRGS14C40LPBF-ND
Q533,IRGS14C40L,DPAK2,irf,IRGS14C40L,digi,IRGS14C40LPBF-ND
Q534,IRGS14C40L,DPAK2,irf,IRGS14C40L,digi,IRGS14C40LPBF-ND
Q535,IRGS14C40L,DPAK2,irf,IRGS14C40L,digi,IRGS14C40LPBF-ND
Q536,IRGS14C40L,DPAK2,irf,IRGS14C40L,digi,IRGS14C40LPBF-ND
Q1001,IRF7341,SO8E,irf,IRF7341PBF,newark,19K8259
Q1002,IRF7341,SO8E,irf,IRF7341PBF,newark,19K8259
Q1003,IRF7341,SO8E,irf,IRF7341PBF,newark,19K8259
R101,200k,SM0805,vishay,CRCW0805200KJNEA,newark,53K0005,125,mW,5,%,thick film
R401,1k,SM0805,vishay,CRCW08051K00FKTA,newark,05F1507,,,125mW,1%,thick film,other,more,stuff
R402,1k,SM0805,vishay,CRCW08051K00FKTA,newark,05F1507,,,125mW,1%,thick film,other,more,stuff
R403,1k,SM0805,vishay,CRCW08051K00FKTA,newark,05F1507,,,125mW,1%,thick film,other,more,stuff
R404,1k,SM0805,vishay,CRCW08051K00FKTA,newark,05F1507,,,125mW,1%,thick film,other,more,stuff
R405,1k,SM0805,vishay,CRCW08051K00FKTA,newark,05F1507,,,125mW,1%,thick film,other,more,stuff
R406,1k,SM0805,vishay,CRCW08051K00FKTA,newark,05F1507,,,125mW,1%,thick film,other,more,stuff
R407,1k,SM0805,vishay,CRCW08051K00FKTA,newark,05F1507,,,125mW,1%,thick film,other,more,stuff
R408,1k,SM0805,vishay,CRCW08051K00FKTA,newark,05F1507,,,125mW,1%,thick film,other,more,stuff
R409,1k,SM0805,vishay,CRCW08051K00FKTA,newark,05F1507,,,125mW,1%,thick film,other,more,stuff
R410,1k,SM0805,vishay,CRCW08051K00FKTA,newark,05F1507,,,125mW,1%,thick film,other,more,stuff
R411,1k,SM0805,vishay,CRCW08051K00FKTA,newark,05F1507,,,125mW,1%,thick film,other,more,stuff
R412,1k,SM0805,vishay,CRCW08051K00FKTA,newark,05F1507,,,125mW,1%,thick film,other,more,stuff
R413,1k,SM0805,vishay,CRCW08051K00FKTA,newark,05F1507,,,125mW,1%,thick film,other,more,stuff
R414,1k,SM0805,vishay,CRCW08051K00FKTA,newark,05F1507,,,125mW,1%,thick film,other,more,stuff
R415,1k,SM0805,vishay,CRCW08051K00FKTA,newark,05F1507,,,125mW,1%,thick film,other,more,stuff
R416,1k,SM0805,vishay,CRCW08051K00FKTA,newark,05F1507,,,125mW,1%,thick film,other,more,stuff
R417,1k,SM0805,vishay,CRCW08051K00FKTA,newark,05F1507,,,125mW,1%,thick film,other,more,stuff
R418,1k,SM0805,vishay,CRCW08051K00FKTA,newark,05F1507,,,125mW,1%,thick film,other,more,stuff
R419,1k,SM0805,vishay,CRCW08051K00FKTA,newark,05F1507,,,125mW,1%,thick film,other,more,stuff
R420,1k,SM0805,vishay,CRCW08051K00FKTA,newark,05F1507,,,125mW,1%,thick film,other,more,stuff
R421,1k,SM0805,vishay,CRCW08051K00FKTA,newark,05F1507,,,125mW,1%,thick film,other,more,stuff
R422,1k,SM0805,vishay,CRCW08051K00FKTA,newark,05F1507,,,125mW,1%,thick film,other,more,stuff
R423,1k,SM0805,vishay,CRCW08051K00FKTA,newark,05F1507,,,125mW,1%,thick film,other,more,stuff
R424,1k,SM0805,vishay,CRCW08051K00FKTA,newark,05F1507,,,125mW,1%,thick film,other,more,stuff
R425,1k,SM0805,vishay,CRCW08051K00FKTA,newark,05F1507,,,125mW,1%,thick film,other,more,stuff
R426,1k,SM0805,vishay,CRCW08051K00FKTA,newark,05F1507,,,125mW,1%,thick film,other,more,stuff
R427,1k,SM0805,vishay,CRCW08051K00FKTA,newark,05F1507,,,125mW,1%,thick film,other,more,stuff
R428,1k,SM0805,vishay,CRCW08051K00FKTA,newark,05F1507,,,125mW,1%,thick film,other,more,stuff
R501,1K,SM0805,vishay,CRCW08051K00FKTA,newark,05F1507,,,125mW,1%,thick film,other,more,stuff
R502,1K,SM0805,vishay,CRCW08051K00FKTA,newark,05F1507,,,125mW,1%,thick film,other,more,stuff
R503,1K,SM0805,vishay,CRCW08051K00FKTA,newark,05F1507,,,125mW,1%,thick film,other,more,stuff
R504,0R,SM0805,vishay,CRCW08050000Z0EA,newark,52K9721,,,mW,%,,other,more,stuff
R505,0R,SM0805,vishay,CRCW08050000Z0EA,newark,52K9721,,,mW,%,,other,more,stuff
R506,0R,SM0805,vishay,CRCW08050000Z0EA,newark,52K9721,,,mW,%,,other,more,stuff
R507,0R,SM0805,vishay,CRCW08050000Z0EA,newark,52K9721,,,mW,%,,other,more,stuff
R508,0R,SM0805,vishay,CRCW08050000Z0EA,newark,52K9721,,,mW,%,,other,more,stuff
R509,0R,SM0805,vishay,CRCW08050000Z0EA,newark,52K9721,,,mW,%,,other,more,stuff
R510,1K,SM0805,vishay,CRCW08051K00FKTA,newark,05F1507,,,125mW,1%,thick film,other,more,stuff
R511,1K,SM0805,vishay,CRCW08051K00FKTA,newark,05F1507,,,125mW,1%,thick film,other,more,stuff
R512,1K,SM0805,vishay,CRCW08051K00FKTA,newark,05F1507,,,125mW,1%,thick film,other,more,stuff
R513,0R,SM0805,vishay,CRCW08050000Z0EA,newark,52K9721,,,mW,%,,other,more,stuff
R514,0R,SM0805,vishay,CRCW08050000Z0EA,newark,52K9721,,,mW,%,,other,more,stuff
R515,0R,SM0805,vishay,CRCW08050000Z0EA,newark,52K9721,,,mW,%,,other,more,stuff
R516,0R,SM0805,vishay,CRCW08050000Z0EA,newark,52K9721,,,mW,%,,other,more,stuff
R517,0R,SM0805,vishay,CRCW08050000Z0EA,newark,52K9721,,,mW,%,,other,more,stuff
R518,0R,SM0805,vishay,CRCW08050000Z0EA,newark,52K9721,,,mW,%,,other,more,stuff
R519,1K,SM0805,vishay,CRCW08051K00FKTA,newark,05F1507,,,125mW,1%,thick film,other,more,stuff
R520,1K,SM0805,vishay,CRCW08051K00FKTA,newark,05F1507,,,125mW,1%,thick film,other,more,stuff
R521,1K,SM0805,vishay,CRCW08051K00FKTA,newark,05F1507,,,125mW,1%,thick film,other,more,stuff
R522,1K,SM0805,vishay,CRCW08051K00FKTA,newark,05F1507,,,125mW,1%,thick film,other,more,stuff
R523,1K,SM0805,vishay,CRCW08051K00FKTA,newark,05F1507,,,125mW,1%,thick film,other,more,stuff
R524,1K,SM0805,vishay,CRCW08051K00FKTA,newark,05F1507,,,125mW,1%,thick film,other,more,stuff
R525,100K,SM0805,vishay,CRCW0805100KFKEA,newark,52K9808,,,125mW,1%,thick film,other,more,stuff
R526,100K,SM0805,vishay,CRCW0805100KFKEA,newark,52K9808,,,125mW,1%,thick film,other,more,stuff
R527,100K,SM0805,vishay,CRCW0805100KFKEA,newark,52K9808,,,125mW,1%,thick film,other,more,stuff
R528,100K,SM0805,vishay,CRCW0805100KFKEA,newark,52K9808,,,125mW,1%,thick film,other,more,stuff
R529,100K,SM0805,vishay,CRCW0805100KFKEA,newark,52K9808,,,125mW,1%,thick film,other,more,stuff
R530,100K,SM0805,vishay,CRCW0805100KFKEA,newark,52K9808,,,125mW,1%,thick film,other,more,stuff
R531,100K,SM0805,vishay,CRCW0805100KFKEA,newark,52K9808,,,125mW,1%,thick film,other,more,stuff
R532,100K,SM0805,vishay,CRCW0805100KFKEA,newark,52K9808,,,125mW,1%,thick film,other,more,stuff
R533,100K,SM0805,vishay,CRCW0805100KFKEA,newark,52K9808,,,125mW,1%,thick film,other,more,stuff
R534,100K,SM0805,vishay,CRCW0805100KFKEA,newark,52K9808,,,125mW,1%,thick film,other,more,stuff
R535,100K,SM0805,vishay,CRCW0805100KFKEA,newark,52K9808,,,125mW,1%,thick film,other,more,stuff
R536,100K,SM0805,vishay,CRCW0805100KFKEA,newark,52K9808,,,125mW,1%,thick film,other,more,stuff
R537,1K,SM0805,vishay,CRCW08051K00FKTA,newark,05F1507,,,125mW,1%,thick film,other,more,stuff
R538,1K,SM0805,vishay,CRCW08051K00FKTA,newark,05F1507,,,125mW,1%,thick film,other,more,stuff
R539,1K,SM0805,vishay,CRCW08051K00FKTA,newark,05F1507,,,125mW,1%,thick film,other,more,stuff
R540,1K,SM0805,vishay,CRCW08051K00FKTA,newark,05F1507,,,125mW,1%,thick film,other,more,stuff
R541,1K,SM0805,vishay,CRCW08051K00FKTA,newark,05F1507,,,125mW,1%,thick film,other,more,stuff
R542,1K,SM0805,vishay,CRCW08051K00FKTA,newark,05F1507,,,125mW,1%,thick film,other,more,stuff
R543,0R,SM0805,vishay,CRCW08050000Z0EA,newark,52K9721,,,mW,%,,other,more,stuff
R544,0R,SM0805,vishay,CRCW08050000Z0EA,newark,52K9721,,,mW,%,,other,more,stuff
R545,0R,SM0805,vishay,CRCW08050000Z0EA,newark,52K9721,,,mW,%,,other,more,stuff
R546,0R,SM0805,vishay,CRCW08050000Z0EA,newark,52K9721,,,mW,%,,other,more,stuff
R547,0R,SM0805,vishay,CRCW08050000Z0EA,newark,52K9721,,,mW,%,,other,more,stuff
R548,0R,SM0805,vishay,CRCW08050000Z0EA,newark,52K9721,,,mW,%,,other,more,stuff
R549,1K,SM0805,vishay,CRCW08051K00FKTA,newark,05F1507,,,125mW,1%,thick film,other,more,stuff
R550,1K,SM0805,vishay,CRCW08051K00FKTA,newark,05F1507,,,125mW,1%,thick film,other,more,stuff
R551,1K,SM0805,vishay,CRCW08051K00FKTA,newark,05F1507,,,125mW,1%,thick film,other,more,stuff
R552,0R,SM0805,vishay,CRCW08050000Z0EA,newark,52K9721,,,mW,%,,other,more,stuff
R553,0R,SM0805,vishay,CRCW08050000Z0EA,newark,52K9721,,,mW,%,,other,more,stuff
R554,0R,SM0805,vishay,CRCW08050000Z0EA,newark,52K9721,,,mW,%,,other,more,stuff
R555,0R,SM0805,vishay,CRCW08050000Z0EA,newark,52K9721,,,mW,%,,other,more,stuff
R556,0R,SM0805,vishay,CRCW08050000Z0EA,newark,52K9721,,,mW,%,,other,more,stuff
R557,0R,SM0805,vishay,CRCW08050000Z0EA,newark,52K9721,,,mW,%,,other,more,stuff
R558,1K,SM0805,vishay,CRCW08051K00FKTA,newark,05F1507,,,125mW,1%,thick film,other,more,stuff
R559,1K,SM0805,vishay,CRCW08051K00FKTA,newark,05F1507,,,125mW,1%,thick film,other,more,stuff
R560,1K,SM0805,vishay,CRCW08051K00FKTA,newark,05F1507,,,125mW,1%,thick film,other,more,stuff
R561,1K,SM0805,vishay,CRCW08051K00FKTA,newark,05F1507,,,125mW,1%,thick film,other,more,stuff
R562,1K,SM0805,vishay,CRCW08051K00FKTA,newark,05F1507,,,125mW,1%,thick film,other,more,stuff
R563,1K,SM0805,vishay,CRCW08051K00FKTA,newark,05F1507,,,125mW,1%,thick film,other,more,stuff
R564,0R,SM0805,vishay,CRCW08050000Z0EA,newark,52K9721,,,mW,%,,other,more,stuff
R565,0R,SM0805,vishay,CRCW08050000Z0EA,newark,52K9721,,,mW,%,,other,more,stuff
R566,0R,SM0805,vishay,CRCW08050000Z0EA,newark,52K9721,,,mW,%,,other,more,stuff
R567,0R,SM0805,vishay,CRCW08050000Z0EA,newark,52K9721,,,mW,%,,other,more,stuff
R568,0R,SM0805,vishay,CRCW08050000Z0EA,newark,52K9721,,,mW,%,,other,more,stuff
R569,0R,SM0805,vishay,CRCW08050000Z0EA,newark,52K9721,,,mW,%,,other,more,stuff
R570,1K,SM0805,vishay,CRCW08051K00FKTA,newark,05F1507,,,125mW,1%,thick film,other,more,stuff
R571,1K,SM0805,vishay,CRCW08051K00FKTA,newark,05F1507,,,125mW,1%,thick film,other,more,stuff
R572,1K,SM0805,vishay,CRCW08051K00FKTA,newark,05F1507,,,125mW,1%,thick film,other,more,stuff
R573,0R,SM0805,vishay,CRCW08050000Z0EA,newark,52K9721,,,mW,%,,other,more,stuff
R574,0R,SM0805,vishay,CRCW08050000Z0EA,newark,52K9721,,,mW,%,,other,more,stuff
R575,0R,SM0805,vishay,CRCW08050000Z0EA,newark,52K9721,,,mW,%,,other,more,stuff
R576,0R,SM0805,vishay,CRCW08050000Z0EA,newark,52K9721,,,mW,%,,other,more,stuff
R577,0R,SM0805,vishay,CRCW08050000Z0EA,newark,52K9721,,,mW,%,,other,more,stuff
R578,0R,SM0805,vishay,CRCW08050000Z0EA,newark,52K9721,,,mW,%,,other,more,stuff
R579,1K,SM0805,vishay,CRCW08051K00FKTA,newark,05F1507,,,125mW,1%,thick film,other,more,stuff
R580,1K,SM0805,vishay,CRCW08051K00FKTA,newark,05F1507,,,125mW,1%,thick film,other,more,stuff
R581,1K,SM0805,vishay,CRCW08051K00FKTA,newark,05F1507,,,125mW,1%,thick film,other,more,stuff
R582,1K,SM0805,vishay,CRCW08051K00FKTA,newark,05F1507,,,125mW,1%,thick film,other,more,stuff
R583,1K,SM0805,vishay,CRCW08051K00FKTA,newark,05F1507,,,125mW,1%,thick film,other,more,stuff
R584,1K,SM0805,vishay,CRCW08051K00FKTA,newark,05F1507,,,125mW,1%,thick film,other,more,stuff
R585,100K,SM0805,vishay,CRCW0805100KFKEA,newark,52K9808,,,125mW,1%,thick film,other,more,stuff
R586,100K,SM0805,vishay,CRCW0805100KFKEA,newark,52K9808,,,125mW,1%,thick film,other,more,stuff
R587,100K,SM0805,vishay,CRCW0805100KFKEA,newark,52K9808,,,125mW,1%,thick film,other,more,stuff
R588,100K,SM0805,vishay,CRCW0805100KFKEA,newark,52K9808,,,125mW,1%,thick film,other,more,stuff
R589,100K,SM0805,vishay,CRCW0805100KFKEA,newark,52K9808,,,125mW,1%,thick film,other,more,stuff
R590,100K,SM0805,vishay,CRCW0805100KFKEA,newark,52K9808,,,125mW,1%,thick film,other,more,stuff
R591,100K,SM0805,vishay,CRCW0805100KFKEA,newark,52K9808,,,125mW,1%,thick film,other,more,stuff
R592,100K,SM0805,vishay,CRCW0805100KFKEA,newark,52K9808,,,125mW,1%,thick film,other,more,stuff
R593,100K,SM0805,vishay,CRCW0805100KFKEA,newark,52K9808,,,125mW,1%,thick film,other,more,stuff
R594,100K,SM0805,vishay,CRCW0805100KFKEA,newark,52K9808,,,125mW,1%,thick film,other,more,stuff
R595,100K,SM0805,vishay,CRCW0805100KFKEA,newark,52K9808,,,125mW,1%,thick film,other,more,stuff
R596,100K,SM0805,vishay,CRCW0805100KFKEA,newark,52K9808,,,125mW,1%,thick film,other,more,stuff
R597,1K,SM0805,vishay,CRCW08051K00FKTA,newark,05F1507,,,125mW,1%,thick film,other,more,stuff
R598,1K,SM0805,vishay,CRCW08051K00FKTA,newark,05F1507,,,125mW,1%,thick film,other,more,stuff
R599,1K,SM0805,vishay,CRCW08051K00FKTA,newark,05F1507,,,125mW,1%,thick film,other,more,stuff
R600,1K,SM0805,vishay,CRCW08051K00FKTA,newark,05F1507,,,125mW,1%,thick film,other,more,stuff
R601,1K,SM0805,vishay,CRCW08051K00FKTA,newark,05F1507,,,125mW,1%,thick film,other,more,stuff
R602,1K,SM0805,vishay,CRCW08051K00FKTA,newark,05F1507,,,125mW,1%,thick film,other,more,stuff
R603,0R,SM0805,vishay,CRCW08050000Z0EA,newark,52K9721,,,mW,%,,other,more,stuff
R604,0R,SM0805,vishay,CRCW08050000Z0EA,newark,52K9721,,,mW,%,,other,more,stuff
R605,0R,SM0805,vishay,CRCW08050000Z0EA,newark,52K9721,,,mW,%,,other,more,stuff
R606,0R,SM0805,vishay,CRCW08050000Z0EA,newark,52K9721,,,mW,%,,other,more,stuff
R607,0R,SM0805,vishay,CRCW08050000Z0EA,newark,52K9721,,,mW,%,,other,more,stuff
R608,0R,SM0805,vishay,CRCW08050000Z0EA,newark,52K9721,,,mW,%,,other,more,stuff
R609,1K,SM0805,vishay,CRCW08051K00FKTA,newark,05F1507,,,125mW,1%,thick film,other,more,stuff
R610,1K,SM0805,vishay,CRCW08051K00FKTA,newark,05F1507,,,125mW,1%,thick film,other,more,stuff
R611,1K,SM0805,vishay,CRCW08051K00FKTA,newark,05F1507,,,125mW,1%,thick film,other,more,stuff
R612,0R,SM0805,vishay,CRCW08050000Z0EA,newark,52K9721,,,mW,%,,other,more,stuff
R613,0R,SM0805,vishay,CRCW08050000Z0EA,newark,52K9721,,,mW,%,,other,more,stuff
R614,0R,SM0805,vishay,CRCW08050000Z0EA,newark,52K9721,,,mW,%,,other,more,stuff
R615,0R,SM0805,vishay,CRCW08050000Z0EA,newark,52K9721,,,mW,%,,other,more,stuff
R616,0R,SM0805,vishay,CRCW08050000Z0EA,newark,52K9721,,,mW,%,,other,more,stuff
R617,0R,SM0805,vishay,CRCW08050000Z0EA,newark,52K9721,,,mW,%,,other,more,stuff
R618,1K,SM0805,vishay,CRCW08051K00FKTA,newark,05F1507,,,125mW,1%,thick film,other,more,stuff
R619,1K,SM0805,vishay,CRCW08051K00FKTA,newark,05F1507,,,125mW,1%,thick film,other,more,stuff
R620,1K,SM0805,vishay,CRCW08051K00FKTA,newark,05F1507,,,125mW,1%,thick film,other,more,stuff
R621,1K,SM0805,vishay,CRCW08051K00FKTA,newark,05F1507,,,125mW,1%,thick film,other,more,stuff
R622,1K,SM0805,vishay,CRCW08051K00FKTA,newark,05F1507,,,125mW,1%,thick film,other,more,stuff
R623,1K,SM0805,vishay,CRCW08051K00FKTA,newark,05F1507,,,125mW,1%,thick film,other,more,stuff
R624,0R,SM0805,vishay,CRCW08050000Z0EA,newark,52K9721,,,mW,%,,other,more,stuff
R625,0R,SM0805,vishay,CRCW08050000Z0EA,newark,52K9721,,,mW,%,,other,more,stuff
R626,0R,SM0805,vishay,CRCW08050000Z0EA,newark,52K9721,,,mW,%,,other,more,stuff
R627,0R,SM0805,vishay,CRCW08050000Z0EA,newark,52K9721,,,mW,%,,other,more,stuff
R628,0R,SM0805,vishay,CRCW08050000Z0EA,newark,52K9721,,,mW,%,,other,more,stuff
R629,0R,SM0805,vishay,CRCW08050000Z0EA,newark,52K9721,,,mW,%,,other,more,stuff
R630,1K,SM0805,vishay,CRCW08051K00FKTA,newark,05F1507,,,125mW,1%,thick film,other,more,stuff
R631,1K,SM0805,vishay,CRCW08051K00FKTA,newark,05F1507,,,125mW,1%,thick film,other,more,stuff
R632,1K,SM0805,vishay,CRCW08051K00FKTA,newark,05F1507,,,125mW,1%,thick film,other,more,stuff
R633,0R,SM0805,vishay,CRCW08050000Z0EA,newark,52K9721,,,mW,%,,other,more,stuff
R634,0R,SM0805,vishay,CRCW08050000Z0EA,newark,52K9721,,,mW,%,,other,more,stuff
R635,0R,SM0805,vishay,CRCW08050000Z0EA,newark,52K9721,,,mW,%,,other,more,stuff
R636,0R,SM0805,vishay,CRCW08050000Z0EA,newark,52K9721,,,mW,%,,other,more,stuff
R637,0R,SM0805,vishay,CRCW08050000Z0EA,newark,52K9721,,,mW,%,,other,more,stuff
R638,0R,SM0805,vishay,CRCW08050000Z0EA,newark,52K9721,,,mW,%,,other,more,stuff
R639,1K,SM0805,vishay,CRCW08051K00FKTA,newark,05F1507,,,125mW,1%,thick film,other,more,stuff
R640,1K,SM0805,vishay,CRCW08051K00FKTA,newark,05F1507,,,125mW,1%,thick film,other,more,stuff
R641,1K,SM0805,vishay,CRCW08051K00FKTA,newark,05F1507,,,125mW,1%,thick film,other,more,stuff
R642,1K,SM0805,vishay,CRCW08051K00FKTA,newark,05F1507,,,125mW,1%,thick film,other,more,stuff
R643,1K,SM0805,vishay,CRCW08051K00FKTA,newark,05F1507,,,125mW,1%,thick film,other,more,stuff
R644,1K,SM0805,vishay,CRCW08051K00FKTA,newark,05F1507,,,125mW,1%,thick film,other,more,stuff
R645,100K,SM0805,vishay,CRCW0805100KFKEA,newark,52K9808,,,125mW,1%,thick film,other,more,stuff
R646,100K,SM0805,vishay,CRCW0805100KFKEA,newark,52K9808,,,125mW,1%,thick film,other,more,stuff
R647,100K,SM0805,vishay,CRCW0805100KFKEA,newark,52K9808,,,125mW,1%,thick film,other,more,stuff
R648,100K,SM0805,vishay,CRCW0805100KFKEA,newark,52K9808,,,125mW,1%,thick film,other,more,stuff
R649,100K,SM0805,vishay,CRCW0805100KFKEA,newark,52K9808,,,125mW,1%,thick film,other,more,stuff
R650,100K,SM0805,vishay,CRCW0805100KFKEA,newark,52K9808,,,125mW,1%,thick film,other,more,stuff
R651,100K,SM0805,vishay,CRCW0805100KFKEA,newark,52K9808,,,125mW,1%,thick film,other,more,stuff
R652,100K,SM0805,vishay,CRCW0805100KFKEA,newark,52K9808,,,125mW,1%,thick film,other,more,stuff
R653,100K,SM0805,vishay,CRCW0805100KFKEA,newark,52K9808,,,125mW,1%,thick film,other,more,stuff
R654,100K,SM0805,vishay,CRCW0805100KFKEA,newark,52K9808,,,125mW,1%,thick film,other,more,stuff
R655,100K,SM0805,vishay,CRCW0805100KFKEA,newark,52K9808,,,125mW,1%,thick film,other,more,stuff
R656,100K,SM0805,vishay,CRCW0805100KFKEA,newark,52K9808,,,125mW,1%,thick film,other,more,stuff
R657,1K,SM0805,vishay,CRCW08051K00FKTA,newark,05F1507,,,125mW,1%,thick film,other,more,stuff
R658,1K,SM0805,vishay,CRCW08051K00FKTA,newark,05F1507,,,125mW,1%,thick film,other,more,stuff
R659,1K,SM0805,vishay,CRCW08051K00FKTA,newark,05F1507,,,125mW,1%,thick film,other,more,stuff
R660,1K,SM0805,vishay,CRCW08051K00FKTA,newark,05F1507,,,125mW,1%,thick film,other,more,stuff
R661,1K,SM0805,vishay,CRCW08051K00FKTA,newark,05F1507,,,125mW,1%,thick film,other,more,stuff
R662,1K,SM0805,vishay,CRCW08051K00FKTA,newark,05F1507,,,125mW,1%,thick film,other,more,stuff
R663,0R,SM0805,vishay,CRCW08050000Z0EA,newark,52K9721,,,mW,%,,other,more,stuff
R664,0R,SM0805,vishay,CRCW08050000Z0EA,newark,52K9721,,,mW,%,,other,more,stuff
R665,0R,SM0805,vishay,CRCW08050000Z0EA,newark,52K9721,,,mW,%,,other,more,stuff
R666,0R,SM0805,vishay,CRCW08050000Z0EA,newark,52K9721,,,mW,%,,other,more,stuff
R667,0R,SM0805,vishay,CRCW08050000Z0EA,newark,52K9721,,,mW,%,,other,more,stuff
R668,0R,SM0805,vishay,CRCW08050000Z0EA,newark,52K9721,,,mW,%,,other,more,stuff
R669,1K,SM0805,vishay,CRCW08051K00FKTA,newark,05F1507,,,125mW,1%,thick film,other,more,stuff
R670,1K,SM0805,vishay,CRCW08051K00FKTA,newark,05F1507,,,125mW,1%,thick film,other,more,stuff
R671,1K,SM0805,vishay,CRCW08051K00FKTA,newark,05F1507,,,125mW,1%,thick film,other,more,stuff
R672,0R,SM0805,vishay,CRCW08050000Z0EA,newark,52K9721,,,mW,%,,other,more,stuff
R673,0R,SM0805,vishay,CRCW08050000Z0EA,newark,52K9721,,,mW,%,,other,more,stuff
R674,0R,SM0805,vishay,CRCW08050000Z0EA,newark,52K9721,,,mW,%,,other,more,stuff
R675,0R,SM0805,vishay,CRCW08050000Z0EA,newark,52K9721,,,mW,%,,other,more,stuff
R676,0R,SM0805,vishay,CRCW08050000Z0EA,newark,52K9721,,,mW,%,,other,more,stuff
R677,0R,SM0805,vishay,CRCW08050000Z0EA,newark,52K9721,,,mW,%,,other,more,stuff
R678,1K,SM0805,vishay,CRCW08051K00FKTA,newark,05F1507,,,125mW,1%,thick film,other,more,stuff
R679,1K,SM0805,vishay,CRCW08051K00FKTA,newark,05F1507,,,125mW,1%,thick film,other,more,stuff
R680,1K,SM0805,vishay,CRCW08051K00FKTA,newark,05F1507,,,125mW,1%,thick film,other,more,stuff
R681,10k,SM0805,BOURNS,CR0805-FX-1002ELF,newark,02J2368,,,125mW,1%,thick film,other,more,stuff
R682,10k,SM0805,BOURNS,CR0805-FX-1002ELF,newark,02J2368,,,125mW,1%,thick film,other,more,stuff
R683,10k,SM0805,BOURNS,CR0805-FX-1002ELF,newark,02J2368,,,125mW,1%,thick film,other,more,stuff
R684,10k,SM0805,BOURNS,CR0805-FX-1002ELF,newark,02J2368,,,125mW,1%,thick film,other,more,stuff
R685,5k,SM0805,stackpole,RNCP0805FTD4K99,digikey,RNCP0805FTD4K99CT-ND,-,-,-,-,250,mW,1,%,thin film,other,more,stuff
R686,5k,SM0805,stackpole,RNCP0805FTD4K99,digikey,RNCP0805FTD4K99CT-ND,-,-,-,-,250,mW,1,%,thin film,other,more,stuff
R687,5k,SM0805,stackpole,RNCP0805FTD4K99,digikey,RNCP0805FTD4K99CT-ND,-,-,-,-,250,mW,1,%,thin film,other,more,stuff
R688,5k,SM0805,stackpole,RNCP0805FTD4K99,digikey,RNCP0805FTD4K99CT-ND,-,-,-,-,250,mW,1,%,thin film,other,more,stuff
R689,5k,SM0805,stackpole,RNCP0805FTD4K99,digikey,RNCP0805FTD4K99CT-ND,-,-,-,-,250,mW,1,%,thin film,other,more,stuff
R690,5k,SM0805,stackpole,RNCP0805FTD4K99,digikey,RNCP0805FTD4K99CT-ND,-,-,-,-,250,mW,1,%,thin film,other,more,stuff
R691,5k,SM0805,stackpole,RNCP0805FTD4K99,digikey,RNCP0805FTD4K99CT-ND,-,-,-,-,250,mW,1,%,thin film,other,more,stuff
R692,5k,SM0805,stackpole,RNCP0805FTD4K99,digikey,RNCP0805FTD4K99CT-ND,-,-,-,-,250,mW,1,%,thin film,other,more,stuff
R693,5k,SM0805,stackpole,RNCP0805FTD4K99,digikey,RNCP0805FTD4K99CT-ND,-,-,-,-,250,mW,1,%,thin film,other,more,stuff
R694,5k,SM0805,stackpole,RNCP0805FTD4K99,digikey,RNCP0805FTD4K99CT-ND,-,-,-,-,250,mW,1,%,thin film,other,more,stuff
R695,5k,SM0805,stackpole,RNCP0805FTD4K99,digikey,RNCP0805FTD4K99CT-ND,-,-,-,-,250,mW,1,%,thin film,other,more,stuff
R696,5k,SM0805,stackpole,RNCP0805FTD4K99,digikey,RNCP0805FTD4K99CT-ND,-,-,-,-,250,mW,1,%,thin film,other,more,stuff
R697,5k,SM0805,stackpole,RNCP0805FTD4K99,digikey,RNCP0805FTD4K99CT-ND,-,-,-,-,250,mW,1,%,thin film,other,more,stuff
R698,5k,SM0805,stackpole,RNCP0805FTD4K99,digikey,RNCP0805FTD4K99CT-ND,-,-,-,-,250,mW,1,%,thin film,other,more,stuff
R699,5k,SM0805,stackpole,RNCP0805FTD4K99,digikey,RNCP0805FTD4K99CT-ND,-,-,-,-,250,mW,1,%,thin film,other,more,stuff
R700,5k,SM0805,stackpole,RNCP0805FTD4K99,digikey,RNCP0805FTD4K99CT-ND,-,-,-,-,250,mW,1,%,thin film,other,more,stuff
R701,5k,SM0805,stackpole,RNCP0805FTD4K99,digikey,RNCP0805FTD4K99CT-ND,-,-,-,-,250,mW,1,%,thin film,other,more,stuff
R702,5k,SM0805,stackpole,RNCP0805FTD4K99,digikey,RNCP0805FTD4K99CT-ND,-,-,-,-,250,mW,1,%,thin film,other,more,stuff
R703,5k,SM0805,stackpole,RNCP0805FTD4K99,digikey,RNCP0805FTD4K99CT-ND,-,-,-,-,250,mW,1,%,thin film,other,more,stuff
R704,5k,SM0805,stackpole,RNCP0805FTD4K99,digikey,RNCP0805FTD4K99CT-ND,-,-,-,-,250,mW,1,%,thin film,other,more,stuff
R705,5k,SM0805,stackpole,RNCP0805FTD4K99,digikey,RNCP0805FTD4K99CT-ND,-,-,-,-,250,mW,1,%,thin film,other,more,stuff
R706,5k,SM0805,stackpole,RNCP0805FTD4K99,digikey,RNCP0805FTD4K99CT-ND,-,-,-,-,250,mW,1,%,thin film,other,more,stuff
R707,5k,SM0805,stackpole,RNCP0805FTD4K99,digikey,RNCP0805FTD4K99CT-ND,-,-,-,-,250,mW,1,%,thin film,other,more,stuff
R708,5k,SM0805,stackpole,RNCP0805FTD4K99,digikey,RNCP0805FTD4K99CT-ND,-,-,-,-,250,mW,1,%,thin film,other,more,stuff
R709,10k,SM0805,BOURNS,CR0805-FX-1002ELF,newark,02J2368,,,125mW,1%,thick film,other,more,stuff
R710,10k,SM0805,BOURNS,CR0805-FX-1002ELF,newark,02J2368,,,125mW,1%,thick film,other,more,stuff
R711,10k,SM0805,BOURNS,CR0805-FX-1002ELF,newark,02J2368,,,125mW,1%,thick film,other,more,stuff
R712,10k,SM0805,BOURNS,CR0805-FX-1002ELF,newark,02J2368,,,125mW,1%,thick film,other,more,stuff
R713,5k,SM0805,stackpole,RNCP0805FTD4K99,digikey,RNCP0805FTD4K99CT-ND,-,-,-,-,250,mW,1,%,thin film,other,more,stuff
R714,5k,SM0805,stackpole,RNCP0805FTD4K99,digikey,RNCP0805FTD4K99CT-ND,-,-,-,-,250,mW,1,%,thin film,other,more,stuff
R715,5k,SM0805,stackpole,RNCP0805FTD4K99,digikey,RNCP0805FTD4K99CT-ND,-,-,-,-,250,mW,1,%,thin film,other,more,stuff
R716,5k,SM0805,stackpole,RNCP0805FTD4K99,digikey,RNCP0805FTD4K99CT-ND,-,-,-,-,250,mW,1,%,thin film,other,more,stuff
R717,5k,SM0805,stackpole,RNCP0805FTD4K99,digikey,RNCP0805FTD4K99CT-ND,-,-,-,-,250,mW,1,%,thin film,other,more,stuff
R718,5k,SM0805,stackpole,RNCP0805FTD4K99,digikey,RNCP0805FTD4K99CT-ND,-,-,-,-,250,mW,1,%,thin film,other,more,stuff
R719,5k,SM0805,stackpole,RNCP0805FTD4K99,digikey,RNCP0805FTD4K99CT-ND,-,-,-,-,250,mW,1,%,thin film,other,more,stuff
R720,5k,SM0805,stackpole,RNCP0805FTD4K99,digikey,RNCP0805FTD4K99CT-ND,-,-,-,-,250,mW,1,%,thin film,other,more,stuff
R721,5k,SM0805,stackpole,RNCP0805FTD4K99,digikey,RNCP0805FTD4K99CT-ND,-,-,-,-,250,mW,1,%,thin film,other,more,stuff
R722,5k,SM0805,stackpole,RNCP0805FTD4K99,digikey,RNCP0805FTD4K99CT-ND,-,-,-,-,250,mW,1,%,thin film,other,more,stuff
R723,5k,SM0805,stackpole,RNCP0805FTD4K99,digikey,RNCP0805FTD4K99CT-ND,-,-,-,-,250,mW,1,%,thin film,other,more,stuff
R724,5k,SM0805,stackpole,RNCP0805FTD4K99,digikey,RNCP0805FTD4K99CT-ND,-,-,-,-,250,mW,1,%,thin film,other,more,stuff
R725,5k,SM0805,stackpole,RNCP0805FTD4K99,digikey,RNCP0805FTD4K99CT-ND,-,-,-,-,250,mW,1,%,thin film,other,more,stuff
R726,5k,SM0805,stackpole,RNCP0805FTD4K99,digikey,RNCP0805FTD4K99CT-ND,-,-,-,-,250,mW,1,%,thin film,other,more,stuff
R727,5k,SM0805,stackpole,RNCP0805FTD4K99,digikey,RNCP0805FTD4K99CT-ND,-,-,-,-,250,mW,1,%,thin film,other,more,stuff
R728,5k,SM0805,stackpole,RNCP0805FTD4K99,digikey,RNCP0805FTD4K99CT-ND,-,-,-,-,250,mW,1,%,thin film,other,more,stuff
R729,5k,SM0805,stackpole,RNCP0805FTD4K99,digikey,RNCP0805FTD4K99CT-ND,-,-,-,-,250,mW,1,%,thin film,other,more,stuff
R730,5k,SM0805,stackpole,RNCP0805FTD4K99,digikey,RNCP0805FTD4K99CT-ND,-,-,-,-,250,mW,1,%,thin film,other,more,stuff
R731,5k,SM0805,stackpole,RNCP0805FTD4K99,digikey,RNCP0805FTD4K99CT-ND,-,-,-,-,250,mW,1,%,thin film,other,more,stuff
R732,5k,SM0805,stackpole,RNCP0805FTD4K99,digikey,RNCP0805FTD4K99CT-ND,-,-,-,-,250,mW,1,%,thin film,other,more,stuff
R733,5k,SM0805,stackpole,RNCP0805FTD4K99,digikey,RNCP0805FTD4K99CT-ND,-,-,-,-,250,mW,1,%,thin film,other,more,stuff
R734,5k,SM0805,stackpole,RNCP0805FTD4K99,digikey,RNCP0805FTD4K99CT-ND,-,-,-,-,250,mW,1,%,thin film,other,more,stuff
R735,5k,SM0805,stackpole,RNCP0805FTD4K99,digikey,RNCP0805FTD4K99CT-ND,-,-,-,-,250,mW,1,%,thin film,other,more,stuff
R736,5k,SM0805,stackpole,RNCP0805FTD4K99,digikey,RNCP0805FTD4K99CT-ND,-,-,-,-,250,mW,1,%,thin film,other,more,stuff
R737,3.3k,SM0805,Stackpole,RMCF0805JT3K30CT,digikey,RMCF0805JT3K30CT-ND,.125w,5%,Thick Film,other,more,stuff
R738,10k,SM0805,BOURNS,CR0805-FX-1002ELF,newark,02J2368,,,125mW,1%,thick film,other,more,stuff
R739,100k,SM0805,vishay,CRCW0805100KFKEA,newark,52K9808,,,125mW,1%,thick film,other,more,stuff
R740,3.6K 1%,SM0805,Vishay,CRCW08052K70FKEA,newark,52K9964,-,-,-,-,125,mW,1,%,thick film,other,more,stuff
R741,39k 1%,SM0805,panasonic,ERA6AEB472V,newark,08N2175,-,-,-,-,125,mW,.1,%,metal film,other,more,stuff
R742,13K 1%,SM0805,Vishay,CRCW08058K20FKEA,newark,53K0479,-,-,-,-,125,mW,1,%,thick film,other,more,stuff
R801,0R,SM0805,vishay,CRCW08050000Z0EA,newark,52K9721,,,mW,%,,other,more,stuff
R802,0R,SM0805,vishay,CRCW08050000Z0EA,newark,52K9721,,,mW,%,,other,more,stuff
R803,0R,SM0805,vishay,CRCW08050000Z0EA,newark,52K9721,,,mW,%,,other,more,stuff
R804,0R,SM0805,vishay,CRCW08050000Z0EA,newark,52K9721,,,mW,%,,other,more,stuff
R805,0R,SM0805,vishay,CRCW08050000Z0EA,newark,52K9721,,,mW,%,,other,more,stuff
R806,0R,SM0805,vishay,CRCW08050000Z0EA,newark,52K9721,,,mW,%,,other,more,stuff
R807,0R,SM0805,vishay,CRCW08050000Z0EA,newark,52K9721,,,mW,%,,other,more,stuff
R808,0R,SM0805,vishay,CRCW08050000Z0EA,newark,52K9721,,,mW,%,,other,more,stuff
R809,0R,SM0805,vishay,CRCW08050000Z0EA,newark,52K9721,,,mW,%,,other,more,stuff
R810,0R,SM0805,vishay,CRCW08050000Z0EA,newark,52K9721,,,mW,%,,other,more,stuff
R811,0R,SM0805,vishay,CRCW08050000Z0EA,newark,52K9721,,,mW,%,,other,more,stuff
R812,0R,SM0805,vishay,CRCW08050000Z0EA,newark,52K9721,,,mW,%,,other,more,stuff
R901,2.5k 1%,SM0805,vishay,TNPW08052K49BEEA,newark,05R1646,,,125mW,.1%,thin film,other,more,stuff
R902,100k,SM0805,vishay,CRCW0805100KFKEA,newark,52K9808,,,125mW,1%,thick film,other,more,stuff
R903,100k,SM0805,vishay,CRCW0805100KFKEA,newark,52K9808,,,125mW,1%,thick film,other,more,stuff
R904,100k,SM0805,vishay,CRCW0805100KFKEA,newark,52K9808,,,125mW,1%,thick film,other,more,stuff
R905,100k,SM0805,vishay,CRCW0805100KFKEA,newark,52K9808,,,125mW,1%,thick film,other,more,stuff
R906,100k,SM0805,vishay,CRCW0805100KFKEA,newark,52K9808,,,125mW,1%,thick film,other,more,stuff
R907,100k,SM0805,vishay,CRCW0805100KFKEA,newark,52K9808,,,125mW,1%,thick film,other,more,stuff
R908,10k,SM0805,BOURNS,CR0805-FX-1002ELF,newark,02J2368,,,125mW,1%,thick film,other,more,stuff
R909,10k,SM0805,BOURNS,CR0805-FX-1002ELF,newark,02J2368,,,125mW,1%,thick film,other,more,stuff
R910,0R,SM0805,vishay,CRCW08050000Z0EA,newark,52K9721,,,mW,%,,other,more,stuff
R911,0R,SM0805,vishay,CRCW08050000Z0EA,newark,52K9721,,,mW,%,,other,more,stuff
R912,0R,SM0805,vishay,CRCW08050000Z0EA,newark,52K9721,,,mW,%,,other,more,stuff
R913,6.6k 1%,SM0805,vishay,CRCW08056K65FKEA,newark,53K0371,,,125mW,1%,thick film,other,more,stuff
R914,0R,SM0805,vishay,CRCW08050000Z0EA,newark,52K9721,,,mW,%,,other,more,stuff
R1001,0R,SM0805,vishay,CRCW08050000Z0EA,newark,52K9721,,,mW,%,,other,more,stuff
R1002,NA,SM0805,-,-,-,-,-,-,-,-,-,mW,-,%,-,other,more,stuff
R1003,1K,SM0805,vishay,CRCW08051K00FKTA,newark,05F1507,,,125mW,1%,thick film,other,more,stuff
R1004,NA,SM0805,-,-,-,-,-,-,-,-,-,mW,-,%,-,other,more,stuff
R1005,NA,SM0805,-,-,-,-,-,-,-,-,-,mW,-,%,-,other,more,stuff
R1006,0R,SM0805,vishay,CRCW08050000Z0EA,newark,52K9721,,,mW,%,,other,more,stuff
R1007,39k 1%,SM0805,multicomp,MC0805S8F3902T5E,newark,79M6085,-,-,-,-,.125,W,1,%,thick film,other,more,stuff
R1008,0R,SM0805,vishay,CRCW08050000Z0EA,newark,52K9721,,,mW,%,,other,more,stuff
R1009,0R,SM0805,vishay,CRCW08050000Z0EA,newark,52K9721,,,mW,%,,other,more,stuff
R1010,0R,SM0805,vishay,CRCW08050000Z0EA,newark,52K9721,,,mW,%,,other,more,stuff
R1011,0R,SM0805,vishay,CRCW08050000Z0EA,newark,52K9721,,,mW,%,,other,more,stuff
R1012,0R,SM0805,vishay,CRCW08050000Z0EA,newark,52K9721,,,mW,%,,other,more,stuff
R1013,0R,SM0805,vishay,CRCW08050000Z0EA,newark,52K9721,,,mW,%,,other,more,stuff
R1014,NA,SM0805,-,-,-,-,-,-,-,-,-,mW,-,%,-,other,more,stuff
R1015,0R,SM0805,vishay,CRCW08050000Z0EA,newark,52K9721,,,mW,%,,other,more,stuff
R1016,NA,SM0805,-,-,-,-,-,-,-,-,-,mW,-,%,-,other,more,stuff
R1017,24R,SM0805,vishay,CRCW080524R0FKEA,newark,53K0044,-,-,-,-,125,mW,1,%,thick film,other,more,stuff
R1018,NA,SM0805,-,-,-,-,-,-,-,-,-,mW,-,%,-,other,more,stuff
R1101,511,SM0805,multicomp,MC0805S8F5110T5E,newark,04P0624,-,-,125,mW,1,%,thick film,other,more,stuff
R1102,511,SM0805,multicomp,MC0805S8F5110T5E,newark,04P0624,-,-,125,mW,1,%,thick film,other,more,stuff
R1201,10k,SM0805,BOURNS,CR0805-FX-1002ELF,newark,02J2368,,,125mW,1%,thick film,other,more,stuff
R1202,10k,SM0805,BOURNS,CR0805-FX-1002ELF,newark,02J2368,,,125mW,1%,thick film,other,more,stuff
R1203,27k,SM0805,vishay,CRCW080527K0FKEA,newark,53K0071,-,-,-,-,125,mW,1,%,thick film,other,more,stuff
R1204,27k,SM0805,vishay,CRCW080527K0FKEA,newark,53K0071,-,-,-,-,125,mW,1,%,thick film,other,more,stuff
R1205,61.9,SM0805,vishay,CRCW080561R9FKEA,newark,53K0407,-,-,-,-,125,mW,1,%,thick film,other,more,stuff
R1206,10k,SM0805,BOURNS,CR0805-FX-1002ELF,newark,02J2368,,,125mW,1%,thick film,other,more,stuff
R1207,6.8k,SM0805,vishay,CRCW08056K80FKEA,newark,53K0372,-,-,-,-,125,mW,1,%,thick film,other,more,stuff
R1208,61.9,SM0805,vishay,CRCW080561R9FKEA,newark,53K0407,-,-,-,-,125,mW,1,%,thick film,other,more,stuff
R1209,10k,SM0805,BOURNS,CR0805-FX-1002ELF,newark,02J2368,,,125mW,1%,thick film,other,more,stuff
R1210,6.8k,SM0805,vishay,CRCW08056K80FKEA,newark,53K0372,-,-,-,-,125,mW,1,%,thick film,other,more,stuff
R1211,1k,SM0805,vishay,CRCW08051K00FKTA,newark,05F1507,,,125mW,1%,thick film,other,more,stuff
R1212,1k,SM0805,vishay,CRCW08051K00FKTA,newark,05F1507,,,125mW,1%,thick film,other,more,stuff
R1213,82.5,SM0805,multicomp,MCTC0525B825JT5E,newark,01N7811,-,-,-,-,125,mW,.1,%,thin film,other,more,stuff
R1214,82.5,SM0805,multicomp,MCTC0525B825JT5E,newark,01N7811,-,-,-,-,125,mW,.1,%,thin film,other,more,stuff
R1215,4.7k,SM0805,panasonic,ERA6AEB472V,newark,08N2175,-,-,-,-,125,mW,.1,%,metal film,other,more,stuff
R1216,4.7k,SM0805,panasonic,ERA6AEB472V,newark,08N2175,-,-,-,-,125,mW,.1,%,metal film,other,more,stuff
R1217,100k,SM0805,vishay,CRCW0805100KFKEA,newark,52K9808,,,125mW,1%,thick film,other,more,stuff
R1218,100k,SM0805,vishay,CRCW0805100KFKEA,newark,52K9808,,,125mW,1%,thick film,other,more,stuff
R1219,100k,SM0805,vishay,CRCW0805100KFKEA,newark,52K9808,,,125mW,1%,thick film,other,more,stuff
R1220,470k,SM0805,vishay,CRCW0805470KFKEA,newark,53K0283,-,-,-,-,125,mW,1,%,thick film,other,more,stuff
R1221,100k,SM0805,vishay,CRCW0805100KFKEA,newark,52K9808,,,125mW,1%,thick film,other,more,stuff
R1222,470k,SM0805,vishay,CRCW0805470KFKEA,newark,53K0283,-,-,-,-,125,mW,1,%,thick film,other,more,stuff
R1223,1k,SM0805,vishay,CRCW08051K00FKTA,newark,05F1507,,,125mW,1%,thick film,other,more,stuff
R1224,1k,SM0805,vishay,CRCW08051K00FKTA,newark,05F1507,,,125mW,1%,thick film,other,more,stuff
R1301,470R,SM0805,VISHAY,CRCW0805470RFKEA ,DIGI,541-470CCT-ND,1,%,thick film,other,more,stuff
R1302,470R,SM0805,VISHAY,CRCW0805470RFKEA ,DIGI,541-470CCT-ND,1,%,thick film,other,more,stuff
R1303,470R,SM0805,VISHAY,CRCW0805470RFKEA ,DIGI,541-470CCT-ND,1,%,thick film,other,more,stuff
R1304,2K4,SM0805,vishay,TNPW08052K49BEEA,newark,05R1646,,,125mW,.1%,thin film,other,more,stuff
R1305,2K4,SM0805,vishay,TNPW08052K49BEEA,newark,05R1646,,,125mW,.1%,thin film,other,more,stuff
R1306,39k,SM0805,Stackpole Electronics Inc,RMCF0805JT39K0CT,digikey,RMCF0805JT39K0CT-ND,.250mW,5%,Thick Film,other,more,stuff
R1307,10k,SM0805,BOURNS,CR0805-FX-1002ELF,newark,02J2368,,,125mW,1%,thick film,other,more,stuff
R1308,20K,SM0805,vishay,CRCW080520K0FKEA,newark,52K9995,-,-,120,mW,1,%,thick film,-
R1309,20K,SM0805,vishay,CRCW080520K0FKEA,newark,52K9995,-,-,120,mW,1,%,thick film,-
R1310,20K,SM0805,vishay,CRCW080520K0FKEA,newark,52K9995,-,-,120,mW,1,%,thick film,-
R1311,20K,SM0805,vishay,CRCW080520K0FKEA,newark,52K9995,-,-,120,mW,1,%,thick film,-
R1312,10K,SM0805,BOURNS,CR0805-FX-1002ELF,newark,02J2368,,,125mW,1%,thick film,other,more,stuff
R1313,10K,SM0805,BOURNS,CR0805-FX-1002ELF,newark,02J2368,,,125mW,1%,thick film,other,more,stuff
R1314,10K,SM0805,BOURNS,CR0805-FX-1002ELF,newark,02J2368,,,125mW,1%,thick film,other,more,stuff
R1315,10K,SM0805,BOURNS,CR0805-FX-1002ELF,newark,02J2368,,,125mW,1%,thick film,other,more,stuff
R1316,20K,SM0805,vishay,CRCW080520K0FKEA,newark,52K9995,-,-,120,mW,1,%,thick film,-
R1317,20K,SM0805,vishay,CRCW080520K0FKEA,newark,52K9995,-,-,120,mW,1,%,thick film,-
R1318,20K,SM0805,vishay,CRCW080520K0FKEA,newark,52K9995,-,-,120,mW,1,%,thick film,-
R1319,20K,SM0805,vishay,CRCW080520K0FKEA,newark,52K9995,-,-,120,mW,1,%,thick film,-
R1320,68k,SM0805,Panasonic-ECG,ERJ-6GEYJ684V,digikey,P680KACT-ND,.125w,5%,metal oxide,other,more,stuff
R1321,68k,SM0805,Panasonic-ECG,ERJ-6GEYJ684V,digikey,P680KACT-ND,.125w,5%,metal oxide,other,more,stuff
T101,ACT45B,ACT45B,tdk,ACT45B-101-2P-TL003,mouser,810-ACT45B1012PTL003
U501,VO1400,relay-SOP04,vishay,SFH690ABT,digi,751-1367-2-ND
U502,VO1400,relay-SOP04,vishay,SFH690ABT,digi,751-1367-2-ND
U503,VO1400,relay-SOP04,vishay,SFH690ABT,digi,751-1367-2-ND
U504,VO1400,relay-SOP04,vishay,SFH690ABT,digi,751-1367-2-ND
U505,VO1400,relay-SOP04,vishay,SFH690ABT,digi,751-1367-2-ND
U506,VO1400,relay-SOP04,vishay,SFH690ABT,digi,751-1367-2-ND
U507,LM3480,SOT23-3,LINEAR,LM3480IM3-5.0/NOPB,digi,LM3480IM3-5.0CT-ND,,,5V,.05%,LINEAR,other,more,stuff
U508,LM3480,SOT23-3,LINEAR,LM3480IM3-5.0/NOPB,digi,LM3480IM3-5.0CT-ND,,,5V,.05%,LINEAR,other,more,stuff
U509,LM3480,SOT23-3,LINEAR,LM3480IM3-5.0/NOPB,digi,LM3480IM3-5.0CT-ND,,,5V,.05%,LINEAR,other,more,stuff
U510,VO1400,relay-SOP04,vishay,SFH690ABT,digi,751-1367-2-ND
U511,VO1400,relay-SOP04,vishay,SFH690ABT,digi,751-1367-2-ND
U512,VO1400,relay-SOP04,vishay,SFH690ABT,digi,751-1367-2-ND
U513,VO1400,relay-SOP04,vishay,SFH690ABT,digi,751-1367-2-ND
U514,VO1400,relay-SOP04,vishay,SFH690ABT,digi,751-1367-2-ND
U515,VO1400,relay-SOP04,vishay,SFH690ABT,digi,751-1367-2-ND
U516,VO1400,relay-SOP04,vishay,SFH690ABT,digi,751-1367-2-ND
U517,VO1400,relay-SOP04,vishay,SFH690ABT,digi,751-1367-2-ND
U518,VO1400,relay-SOP04,vishay,SFH690ABT,digi,751-1367-2-ND
U519,VO1400,relay-SOP04,vishay,SFH690ABT,digi,751-1367-2-ND
U520,VO1400,relay-SOP04,vishay,SFH690ABT,digi,751-1367-2-ND
U521,VO1400,relay-SOP04,vishay,SFH690ABT,digi,751-1367-2-ND
U522,LM3480,SOT23-3,LINEAR,LM3480IM3-5.0/NOPB,digi,LM3480IM3-5.0CT-ND,,,5V,.05%,LINEAR,other,more,stuff
U523,LM3480,SOT23-3,LINEAR,LM3480IM3-5.0/NOPB,digi,LM3480IM3-5.0CT-ND,,,5V,.05%,LINEAR,other,more,stuff
U524,LM3480,SOT23-3,LINEAR,LM3480IM3-5.0/NOPB,digi,LM3480IM3-5.0CT-ND,,,5V,.05%,LINEAR,other,more,stuff
U525,VO1400,relay-SOP04,vishay,SFH690ABT,digi,751-1367-2-ND
U526,VO1400,relay-SOP04,vishay,SFH690ABT,digi,751-1367-2-ND
U527,VO1400,relay-SOP04,vishay,SFH690ABT,digi,751-1367-2-ND
U528,VO1400,relay-SOP04,vishay,SFH690ABT,digi,751-1367-2-ND
U529,VO1400,relay-SOP04,vishay,SFH690ABT,digi,751-1367-2-ND
U530,VO1400,relay-SOP04,vishay,SFH690ABT,digi,751-1367-2-ND
U531,VO1400,relay-SOP04,vishay,SFH690ABT,digi,751-1367-2-ND
U532,VO1400,relay-SOP04,vishay,SFH690ABT,digi,751-1367-2-ND
U533,VO1400,relay-SOP04,vishay,SFH690ABT,digi,751-1367-2-ND
U534,VO1400,relay-SOP04,vishay,SFH690ABT,digi,751-1367-2-ND
U535,VO1400,relay-SOP04,vishay,SFH690ABT,digi,751-1367-2-ND
U536,VO1400,relay-SOP04,vishay,SFH690ABT,digi,751-1367-2-ND
U537,LM3480,SOT23-3,LINEAR,LM3480IM3-5.0/NOPB,digi,LM3480IM3-5.0CT-ND,,,5V,.05%,LINEAR,other,more,stuff
U538,LM3480,SOT23-3,LINEAR,LM3480IM3-5.0/NOPB,digi,LM3480IM3-5.0CT-ND,,,5V,.05%,LINEAR,other,more,stuff
U539,LM3480,SOT23-3,LINEAR,LM3480IM3-5.0/NOPB,digi,LM3480IM3-5.0CT-ND,,,5V,.05%,LINEAR,other,more,stuff
U540,VO1400,relay-SOP04,vishay,SFH690ABT,digi,751-1367-2-ND
U541,VO1400,relay-SOP04,vishay,SFH690ABT,digi,751-1367-2-ND
U542,VO1400,relay-SOP04,vishay,SFH690ABT,digi,751-1367-2-ND
U543,VO1400,relay-SOP04,vishay,SFH690ABT,digi,751-1367-2-ND
U544,VO1400,relay-SOP04,vishay,SFH690ABT,digi,751-1367-2-ND
U545,VO1400,relay-SOP04,vishay,SFH690ABT,digi,751-1367-2-ND
U601,MAX9926/9927,MAXIM-10-QSOP16,maxim,MAX9926UAEE+,mouser,700-MAX9926UAEE,-,-,-,-,-,other,more,stuff
U602,MAX9926/9927,MAXIM-10-QSOP16,maxim,MAX9926UAEE+,mouser,700-MAX9926UAEE,-,-,-,-,-,other,more,stuff
U603,MAX9926/9927,MAXIM-10-QSOP16,maxim,MAX9926UAEE+,mouser,700-MAX9926UAEE,-,-,-,-,-,other,more,stuff
U604,MAX9926/9927,MAXIM-10-QSOP16,maxim,MAX9926UAEE+,mouser,700-MAX9926UAEE,-,-,-,-,-,other,more,stuff
U701,LM2937,SOT223,NAT SEMI,LM2937IMP-5.0/NOPB,digi,LM2937IMP-5.0CT-ND,,,5V,.05%,LINEAR,other,more,stuff
U702,LM3940,SOT223,NAT SEMI,LM3940IMP-3.3/NOPB,digi,LM3940IMP-3.3CT-ND,3.3V,?%,LINEAR,other,more,stuff
U703,MCP1826,DPAK5,MICROCHIP,MCP1826T-ADJE/DC,newark,08N6496,,,1A,,LINEAR,other,more,stuff
U704,L5973D,SO8E,L5973D013TR,st,E-L5970D,newark,25M9045,-,-,-,-,-,-,-,-,buck reg,other,more,stuff
U801,MC33879,SOIC32,freescale,MCZ33879AEK,newark,30M1376,-,-,-,-,-,-,-,-,-,other,more,stuff
U901,MC10XS3412,PQFN_24,freescale,MC10XS3412CPNA,newark,74P0356,-,-,5.5,V,6,a,el switch,other,more,stuff
U1001,MC33800,SOIC54,freescale,MCZ33800EK,newark,95M9556,-,-,-,-,-,-,-,-,-,other,more,stuff
U1101,TJA1054A,SO14E,nxp,TJA1054AT,newark,TJA1054AT,-,-,5.25,v,-,-,CAN,other,more,stuff
U1201,CJ125,SOIC24,bosh,cj125,future,8746778,-,-,-,-,-,-,-,-,wide O2,other,more,stuff
U1202,CJ125,SOIC24,bosh,cj125,future,8746778,-,-,-,-,-,-,-,-,wide O2,other,more,stuff
U1301,MAX31855,-SOIC8,MAXIM,MAX31855NASA+,MOUSER,700-MAX31855NASA+
U1302,MAX31855,-SOIC8,MAXIM,MAX31855NASA+,MOUSER,700-MAX31855NASA+
U1303,MAX9939,uMAX-uSOP_10,maxim-ic,MAX9939AUB+,mouser,700-MAX9939AUB,-,-,-,-,-,-,-,-
U1304,MAX9939,uMAX-uSOP_10,maxim-ic,MAX9939AUB+,mouser,700-MAX9939AUB,-,-,-,-,-,-,-,-
U1305,MPX4250A,MPX4---AP,freescale,MPX4250AP,digikey,MPX4250AP-ND,x,x,x,x,x,other,more,stuff
U1306,MPX4250A,MPX4---AP,freescale,MPX4250AP,digikey,MPX4250AP-ND,x,x,x,x,x,other,more,stuff
U1307,MPX4100A,MPX4---A,freescale,MPX4100A,digikey, MPX4100A-ND,x,x,x,x,x,other,more,stuff
